{
  "CLAUDE.md": 1776240302.1404772,
  "AGENTS.md": 1776240302.1404772
}